name	accession	samplingDate	location
hCoV-19/Wuhan/IVDC-HB-01/2019|EPI_ISL_402119|2019-12-30	EPI_ISL_402119	2019-12-30	ChinaHubei
hCoV-19/Wuhan/IVDC-HB-04/2020|EPI_ISL_402120|2020-01-01	EPI_ISL_402120	2020-01-01	ChinaHubei
hCoV-19/Wuhan/IVDC-HB-05/2019|EPI_ISL_402121|2019-12-30	EPI_ISL_402121	2019-12-30	ChinaHubei
hCoV-19/Wuhan/IPBCAMS-WH-01/2019|EPI_ISL_402123|2019-12-24	EPI_ISL_402123	2019-12-24	ChinaHubei
hCoV-19/Wuhan/WIV04/2019|EPI_ISL_402124|2019-12-30	EPI_ISL_402124	2019-12-30	ChinaHubei
hCoV-19/Wuhan/WIV02/2019|EPI_ISL_402127|2019-12-30	EPI_ISL_402127	2019-12-30	ChinaHubei
hCoV-19/Wuhan/WIV05/2019|EPI_ISL_402128|2019-12-30	EPI_ISL_402128	2019-12-30	ChinaHubei
hCoV-19/Wuhan/WIV06/2019|EPI_ISL_402129|2019-12-30	EPI_ISL_402129	2019-12-30	ChinaHubei
hCoV-19/Wuhan/WIV07/2019|EPI_ISL_402130|2019-12-30	EPI_ISL_402130	2019-12-30	ChinaHubei
hCoV-19/Wuhan/HBCDC-HB-01/2019|EPI_ISL_402132|2019-12-30	EPI_ISL_402132	2019-12-30	ChinaHubei
hCoV-19/Wuhan/IPBCAMS-WH-05/2020|EPI_ISL_403928|2020-01-01	EPI_ISL_403928	2020-01-01	ChinaHubei
hCoV-19/Wuhan/IPBCAMS-WH-04/2019|EPI_ISL_403929|2019-12-30	EPI_ISL_403929	2019-12-30	ChinaHubei
hCoV-19/Wuhan/IPBCAMS-WH-03/2019|EPI_ISL_403930|2019-12-30	EPI_ISL_403930	2019-12-30	ChinaHubei
hCoV-19/Wuhan/IPBCAMS-WH-02/2019|EPI_ISL_403931|2019-12-30	EPI_ISL_403931	2019-12-30	ChinaHubei
hCoV-19/Guangdong/20SF012/2020|EPI_ISL_403932|2020-01-14	EPI_ISL_403932	2020-01-14	ChinaGuangdong
hCoV-19/Guangdong/20SF013/2020|EPI_ISL_403933|2020-01-15	EPI_ISL_403933	2020-01-15	ChinaGuangdong
hCoV-19/Guangdong/20SF014/2020|EPI_ISL_403934|2020-01-15	EPI_ISL_403934	2020-01-15	ChinaGuangdong
hCoV-19/Guangdong/20SF025/2020|EPI_ISL_403935|2020-01-15	EPI_ISL_403935	2020-01-15	ChinaGuangdong
hCoV-19/Guangdong/20SF028/2020|EPI_ISL_403936|2020-01-17	EPI_ISL_403936	2020-01-17	ChinaGuangdong
hCoV-19/Guangdong/20SF040/2020|EPI_ISL_403937|2020-01-18	EPI_ISL_403937	2020-01-18	ChinaGuangdong
hCoV-19/Thailand/61/2020|EPI_ISL_403962|2020-01-08	EPI_ISL_403962	2020-01-08	Thailand
hCoV-19/Thailand/74/2020|EPI_ISL_403963|2020-01-13	EPI_ISL_403963	2020-01-13	Thailand
hCoV-19/Zhejiang/WZ-01/2020|EPI_ISL_404227|2020-01-16	EPI_ISL_404227	2020-01-16	ChinaZhejiang
hCoV-19/Zhejiang/WZ-02/2020|EPI_ISL_404228|2020-01-17	EPI_ISL_404228	2020-01-17	ChinaZhejiang
hCoV-19/USA/IL1/2020|EPI_ISL_404253|2020-01-21	EPI_ISL_404253	2020-01-21	USA
hCoV-19/USA/WA1/2020|EPI_ISL_404895|2020-01-19	EPI_ISL_404895	2020-01-19	USA
hCoV-19/Shenzhen/HKU-SZ-005/2020|EPI_ISL_405839|2020-01-11	EPI_ISL_405839	2020-01-11	ChinaGuangdong
hCoV-19/Taiwan/2/2020|EPI_ISL_406031|2020-01-23	EPI_ISL_406031	2020-01-23	Taiwan
hCoV-19/USA/CA-CDC-1/2020|EPI_ISL_406034|2020-01-23	EPI_ISL_406034	2020-01-23	USA
hCoV-19/USA/CA2/2020|EPI_ISL_406036|2020-01-22	EPI_ISL_406036	2020-01-22	USA
hCoV-19/USA/AZ1/2020|EPI_ISL_406223|2020-01-22	EPI_ISL_406223	2020-01-22	USA
hCoV-19/Guangdong/20SF174/2020|EPI_ISL_406531|2020-01-22	EPI_ISL_406531	2020-01-22	ChinaGuangdong
hCoV-19/Guangzhou/20SF206/2020|EPI_ISL_406533|2020-01-22	EPI_ISL_406533	2020-01-22	ChinaGuangdong
hCoV-19/Foshan/20SF207/2020|EPI_ISL_406534|2020-01-22	EPI_ISL_406534	2020-01-22	ChinaGuangdong
hCoV-19/Foshan/20SF210/2020|EPI_ISL_406535|2020-01-22	EPI_ISL_406535	2020-01-22	ChinaGuangdong
hCoV-19/Foshan/20SF211/2020|EPI_ISL_406536|2020-01-22	EPI_ISL_406536	2020-01-22	ChinaGuangdong
hCoV-19/Guangdong/20SF201/2020|EPI_ISL_406538|2020-01-23	EPI_ISL_406538	2020-01-23	ChinaGuangdong
hCoV-19/Shenzhen/SZTH-002/2020|EPI_ISL_406593|2020-01-13	EPI_ISL_406593	2020-01-13	ChinaGuangdong
hCoV-19/Shenzhen/SZTH-003/2020|EPI_ISL_406594|2020-01-16	EPI_ISL_406594	2020-01-16	ChinaGuangdong
hCoV-19/France/IDF-0372/2020|EPI_ISL_406596|2020-01-23	EPI_ISL_406596	2020-01-23	France
hCoV-19/France/IDF-0373/2020|EPI_ISL_406597|2020-01-23	EPI_ISL_406597	2020-01-23	France
hCoV-19/Wuhan/WHU01/2020|EPI_ISL_406716|2020-01-02	EPI_ISL_406716	2020-01-02	ChinaHubei
hCoV-19/Wuhan/WHU02/2020|EPI_ISL_406717|2020-01-02	EPI_ISL_406717	2020-01-02	ChinaHubei
hCoV-19/Wuhan/WH01/2019|EPI_ISL_406798|2019-12-26	EPI_ISL_406798	2019-12-26	ChinaHubei
hCoV-19/Wuhan/WH03/2020|EPI_ISL_406800|2020-01-01	EPI_ISL_406800	2020-01-01	ChinaHubei
hCoV-19/Wuhan/WH04/2020|EPI_ISL_406801|2020-01-05	EPI_ISL_406801	2020-01-05	ChinaHubei
hCoV-19/Australia/VIC01/2020|EPI_ISL_406844|2020-01-25	EPI_ISL_406844	2020-01-25	Australia
hCoV-19/Germany/BY-ChVir-929/2020|EPI_ISL_406862|2020-01-28	EPI_ISL_406862	2020-01-28	Germany
hCoV-19/Hangzhou/HZ-1/2020|EPI_ISL_406970|2020-01-20	EPI_ISL_406970	2020-01-20	ChinaZhejiang
hCoV-19/Singapore/1/2020|EPI_ISL_406973|2020-01-23	EPI_ISL_406973	2020-01-23	Singapore
hCoV-19/England/01/2020|EPI_ISL_407071|2020-01-29	EPI_ISL_407071	2020-01-29	UK
hCoV-19/England/02/2020|EPI_ISL_407073|2020-01-29	EPI_ISL_407073	2020-01-29	UK
hCoV-19/Finland/1/2020|EPI_ISL_407079|2020-01-29	EPI_ISL_407079	2020-01-29	Finland
hCoV-19/Japan/AI-I-004/2020|EPI_ISL_407084|2020-01-25	EPI_ISL_407084	2020-01-25	Japan
hCoV-19/South_Korea/KCDC03/2020|EPI_ISL_407193|2020-01-25	EPI_ISL_407193	2020-01-25	SouthKorea
hCoV-19/Hangzhou/HZCDC0001/2020|EPI_ISL_407313|2020-01-19	EPI_ISL_407313	2020-01-19	ChinaZhejiang
hCoV-19/Australia/NSW01/2020|EPI_ISL_407893|2020-01-24	EPI_ISL_407893	2020-01-24	Australia
hCoV-19/Australia/QLD01/2020|EPI_ISL_407894|2020-01-28	EPI_ISL_407894	2020-01-28	Australia
hCoV-19/Australia/QLD02/2020|EPI_ISL_407896|2020-01-30	EPI_ISL_407896	2020-01-30	Australia
hCoV-19/Belgium/GHB-03021/2020|EPI_ISL_407976|2020-02-03	EPI_ISL_407976	2020-02-03	Belgium
hCoV-19/Singapore/2/2020|EPI_ISL_407987|2020-01-25	EPI_ISL_407987	2020-01-25	Singapore
hCoV-19/Singapore/3/2020|EPI_ISL_407988|2020-02-01	EPI_ISL_407988	2020-02-01	Singapore
hCoV-19/USA/CA-CDC-3/2020|EPI_ISL_408008|2020-01-29	EPI_ISL_408008	2020-01-29	USA
hCoV-19/USA/CA-CDC-4/2020|EPI_ISL_408009|2020-01-29	EPI_ISL_408009	2020-01-29	USA
hCoV-19/USA/CA-CDC-5/2020|EPI_ISL_408010|2020-01-29	EPI_ISL_408010	2020-01-29	USA
hCoV-19/France/IDF-0515/2020|EPI_ISL_408430|2020-01-29	EPI_ISL_408430	2020-01-29	France
hCoV-19/France/IDF-0626/2020|EPI_ISL_408431|2020-01-29	EPI_ISL_408431	2020-01-29	France
hCoV-19/Chongqing/YC01/2020|EPI_ISL_408478|2020-01-21	EPI_ISL_408478	2020-01-21	ChinaChongqing
hCoV-19/Chongqing/ZX01/2020|EPI_ISL_408479|2020-01-23	EPI_ISL_408479	2020-01-23	ChinaChongqing
hCoV-19/Yunnan/IVDC-YN-003/2020|EPI_ISL_408480|2020-01-17	EPI_ISL_408480	2020-01-17	ChinaYunnan
hCoV-19/Chongqing/IVDC-CQ-001/2020|EPI_ISL_408481|2020-01-18	EPI_ISL_408481	2020-01-18	ChinaChongqing
hCoV-19/Shandong/IVDC-SD-001/2020|EPI_ISL_408482|2020-01-19	EPI_ISL_408482	2020-01-19	ChinaShandong
hCoV-19/Sichuan/IVDC-SC-001/2020|EPI_ISL_408484|2020-01-15	EPI_ISL_408484	2020-01-15	ChinaSichuan
hCoV-19/Jiangxi/IVDC-JX-002/2020|EPI_ISL_408486|2020-01-11	EPI_ISL_408486	2020-01-11	ChinaJiangxi
hCoV-19/Jiangsu/IVDC-JS-001/2020|EPI_ISL_408488|2020-01-19	EPI_ISL_408488	2020-01-19	ChinaJiangsu
hCoV-19/Taiwan/NTU01/2020|EPI_ISL_408489|2020-01-31	EPI_ISL_408489	2020-01-31	Taiwan
hCoV-19/env/Wuhan/IVDC-HBF13-20/2020|EPI_ISL_408514|2020-01-01	EPI_ISL_408514	2020-01-01	ChinaHubei
hCoV-19/env/Wuhan/IVDC-HBF13-21/2020|EPI_ISL_408515|2020-01-01	EPI_ISL_408515	2020-01-01	ChinaHubei
hCoV-19/Japan/TY-WK-012/2020|EPI_ISL_408665|2020-01-29	EPI_ISL_408665	2020-01-29	Japan
hCoV-19/Japan/TY-WK-501/2020|EPI_ISL_408666|2020-01-31	EPI_ISL_408666	2020-01-31	Japan
hCoV-19/Japan/TY-WK-521/2020|EPI_ISL_408667|2020-01-31	EPI_ISL_408667	2020-01-31	Japan
hCoV-19/Vietnam/VR03-38142/2020|EPI_ISL_408668|2020-01-24	EPI_ISL_408668	2020-01-24	Vietnam
hCoV-19/Japan/KY-V-029/2020|EPI_ISL_408669|2020-01-29	EPI_ISL_408669	2020-01-29	Japan
hCoV-19/USA/WI1/2020|EPI_ISL_408670|2020-01-31	EPI_ISL_408670	2020-01-31	USA
hCoV-19/Australia/NSW02/2020|EPI_ISL_408976|2020-01-22	EPI_ISL_408976	2020-01-22	Australia
hCoV-19/Australia/NSW03/2020|EPI_ISL_408977|2020-01-25	EPI_ISL_408977	2020-01-25	Australia
hCoV-19/Wuhan/WH05/2020|EPI_ISL_408978|2020-02-07	EPI_ISL_408978	2020-02-07	ChinaHubei
hCoV-19/USA/MA1/2020|EPI_ISL_409067|2020-01-29	EPI_ISL_409067	2020-01-29	USA
hCoV-19/USA/CA-CDC-6/2020|EPI_ISL_410044|2020-01-27	EPI_ISL_410044	2020-01-27	USA
hCoV-19/USA/IL2/2020|EPI_ISL_410045|2020-01-28	EPI_ISL_410045	2020-01-28	USA
hCoV-19/Taiwan/NTU02/2020|EPI_ISL_410218|2020-02-05	EPI_ISL_410218	2020-02-05	Taiwan
hCoV-19/Nepal/61/2020|EPI_ISL_410301|2020-01-13	EPI_ISL_410301	2020-01-13	Nepal
hCoV-19/France/ARA-739/2020|EPI_ISL_410486|2020-02-08	EPI_ISL_410486	2020-02-08	France
hCoV-19/Japan/NA-20-05-1/2020|EPI_ISL_410531|2020-01-25	EPI_ISL_410531	2020-01-25	Japan
hCoV-19/Japan/OS-20-07-1/2020|EPI_ISL_410532|2020-01-23	EPI_ISL_410532	2020-01-23	Japan
hCoV-19/Singapore/4/2020|EPI_ISL_410535|2020-02-03	EPI_ISL_410535	2020-02-03	Singapore
hCoV-19/Singapore/5/2020|EPI_ISL_410536|2020-02-06	EPI_ISL_410536	2020-02-06	Singapore
hCoV-19/Singapore/6/2020|EPI_ISL_410537|2020-02-09	EPI_ISL_410537	2020-02-09	Singapore
hCoV-19/Italy/LAZ-INMI1-isl/2020|EPI_ISL_410545|2020-01-29	EPI_ISL_410545	2020-01-29	Italy
hCoV-19/Singapore/7/2020|EPI_ISL_410713|2020-01-27	EPI_ISL_410713	2020-01-27	Singapore
hCoV-19/Singapore/8/2020|EPI_ISL_410714|2020-02-03	EPI_ISL_410714	2020-02-03	Singapore
hCoV-19/Singapore/9/2020|EPI_ISL_410715|2020-02-04	EPI_ISL_410715	2020-02-04	Singapore
hCoV-19/Singapore/10/2020|EPI_ISL_410716|2020-02-04	EPI_ISL_410716	2020-02-04	Singapore
hCoV-19/Australia/QLD03/2020|EPI_ISL_410717|2020-02-05	EPI_ISL_410717	2020-02-05	Australia
hCoV-19/Australia/QLD04/2020|EPI_ISL_410718|2020-02-05	EPI_ISL_410718	2020-02-05	Australia
hCoV-19/Singapore/11/2020|EPI_ISL_410719|2020-02-02	EPI_ISL_410719	2020-02-02	Singapore
hCoV-19/Fujian/8/2020|EPI_ISL_411060|2020-01-21	EPI_ISL_411060	2020-01-21	ChinaFujian
hCoV-19/Fujian/13/2020|EPI_ISL_411066|2020-01-22	EPI_ISL_411066	2020-01-22	ChinaFujian
hCoV-19/France/IDF-0571/2020|EPI_ISL_411218|2020-02-02	EPI_ISL_411218	2020-02-02	France
hCoV-19/France/IDF-0386-islP1/2020|EPI_ISL_411219|2020-01-28	EPI_ISL_411219	2020-01-28	France
hCoV-19/Cambodia/0012/2020|EPI_ISL_411902|2020-01-27	EPI_ISL_411902	2020-01-27	Cambodia
hCoV-19/Jiangsu/JS01/2020|EPI_ISL_411950|2020-01-23	EPI_ISL_411950	2020-01-23	ChinaJiangsu
hCoV-19/Sweden/01/2020|EPI_ISL_411951|2020-02-07	EPI_ISL_411951	2020-02-07	Sweden
hCoV-19/Jiangsu/JS02/2020|EPI_ISL_411952|2020-01-24	EPI_ISL_411952	2020-01-24	ChinaJiangsu
hCoV-19/Jiangsu/JS03/2020|EPI_ISL_411953|2020-01-24	EPI_ISL_411953	2020-01-24	ChinaJiangsu
hCoV-19/USA/CA-CDC-7/2020|EPI_ISL_411954|2020-02-06	EPI_ISL_411954	2020-02-06	USA
hCoV-19/USA/CA-CDC-8/2020|EPI_ISL_411955|2020-02-10	EPI_ISL_411955	2020-02-10	USA
hCoV-19/USA/TX1/2020|EPI_ISL_411956|2020-02-11	EPI_ISL_411956	2020-02-11	USA
hCoV-19/Hefei/2/2020|EPI_ISL_412026|2020-02-23	EPI_ISL_412026	2020-02	ChinaAnhui
hCoV-19/Hong_Kong/VM20001061-2/2020|EPI_ISL_412028|2020-01-22	EPI_ISL_412028	2020-01-22	ChinaHongKong
hCoV-19/Hong_Kong/VB20024950-2/2020|EPI_ISL_412029|2020-01-30	EPI_ISL_412029	2020-01-30	ChinaHongKong
hCoV-19/Hong_Kong/VB20026565-2/2020|EPI_ISL_412030|2020-02-01	EPI_ISL_412030	2020-02-01	ChinaHongKong
hCoV-19/England/09c/2020|EPI_ISL_412116|2020-02-09	EPI_ISL_412116	2020-02-09	UK
hCoV-19/Jingzhou/HBCDC-HB-01/2020|EPI_ISL_412459|2020-01-08	EPI_ISL_412459	2020-01-08	ChinaHubei
hCoV-19/USA/CA-CDC-9/2020|EPI_ISL_412862|2020-02-23	EPI_ISL_412862	2020-02-23	USA
hCoV-19/South_Korea/KCDC05/2020|EPI_ISL_412869|2020-01-30	EPI_ISL_412869	2020-01-30	SouthKorea
hCoV-19/South_Korea/KCDC06/2020|EPI_ISL_412870|2020-01-30	EPI_ISL_412870	2020-01-30	SouthKorea
hCoV-19/South_Korea/KCDC07/2020|EPI_ISL_412871|2020-01-31	EPI_ISL_412871	2020-01-31	SouthKorea
hCoV-19/South_Korea/KCDC12/2020|EPI_ISL_412872|2020-02-01	EPI_ISL_412872	2020-02-01	SouthKorea
hCoV-19/South_Korea/KCDC24/2020|EPI_ISL_412873|2020-02-06	EPI_ISL_412873	2020-02-06	SouthKorea
hCoV-19/Wuhan/HBCDC-HB-02/2019|EPI_ISL_412898|2019-12-30	EPI_ISL_412898	2019-12-30	ChinaHubei
hCoV-19/Wuhan/HBCDC-HB-03/2019|EPI_ISL_412899|2019-12-30	EPI_ISL_412899	2019-12-30	ChinaHubei
hCoV-19/Germany/BW-ChVir-1577/2020|EPI_ISL_412912|2020-02-25	EPI_ISL_412912	2020-02-25	Germany
hCoV-19/Brazil/SP-01/2020|EPI_ISL_412964|2020-02-25	EPI_ISL_412964	2020-02-25	Brazil
hCoV-19/Canada/BC_37_0-2/2020|EPI_ISL_412965|2020-02-16	EPI_ISL_412965	2020-02-16	Canada
hCoV-19/Guangzhou/IQTC01/2020|EPI_ISL_412966|2020-02-05	EPI_ISL_412966	2020-02-05	ChinaGuangdong
hCoV-19/Guangzhou/IQTC02/2020|EPI_ISL_412967|2020-01-29	EPI_ISL_412967	2020-01-29	ChinaGuangdong
hCoV-19/Japan/Hu_DP_Kng_19-020/2020|EPI_ISL_412968|2020-02-10	EPI_ISL_412968	2020-02-10	Japan
hCoV-19/Japan/Hu_DP_Kng_19-027/2020|EPI_ISL_412969|2020-02-10	EPI_ISL_412969	2020-02-10	Japan
hCoV-19/USA/WA2/2020|EPI_ISL_412970|2020-02-24	EPI_ISL_412970	2020-02-24	USA
hCoV-19/Finland/FIN-25/2020|EPI_ISL_412971|2020-02-25	EPI_ISL_412971	2020-02-25	Finland
hCoV-19/Mexico/CMX-InDRE-01/2020|EPI_ISL_412972|2020-02-27	EPI_ISL_412972	2020-02-27	Mexico
hCoV-19/Italy/LOM-ASST-CDG1/2020|EPI_ISL_412973|2020-02-20	EPI_ISL_412973	2020-02-20	Italy
hCoV-19/Italy/LAZ-INMI-SPL1/2020|EPI_ISL_412974|2020-01-29	EPI_ISL_412974	2020-01-29	Italy
hCoV-19/Australia/NSW05/2020|EPI_ISL_412975|2020-02-28	EPI_ISL_412975	2020-02-28	Australia
hCoV-19/Wuhan/HBCDC-HB-02/2020|EPI_ISL_412978|2020-01-17	EPI_ISL_412978	2020-01-17	ChinaHubei
hCoV-19/Wuhan/HBCDC-HB-03/2020|EPI_ISL_412979|2020-01-18	EPI_ISL_412979	2020-01-18	ChinaHubei
hCoV-19/Wuhan/HBCDC-HB-04/2020|EPI_ISL_412980|2020-01-18	EPI_ISL_412980	2020-01-18	ChinaHubei
hCoV-19/Wuhan/HBCDC-HB-05/2020|EPI_ISL_412981|2020-01-18	EPI_ISL_412981	2020-01-18	ChinaHubei
hCoV-19/Wuhan/HBCDC-HB-06/2020|EPI_ISL_412982|2020-02-07	EPI_ISL_412982	2020-02-07	ChinaHubei
hCoV-19/Tianmen/HBCDC-HB-07/2020|EPI_ISL_412983|2020-02-08	EPI_ISL_412983	2020-02-08	ChinaHubei
hCoV-19/Canada/ON-PHL-2445/2020|EPI_ISL_413014|2020-01	EPI_ISL_413014	2020-01-25	Canada
hCoV-19/Brazil/SP-02/2020|EPI_ISL_413016|2020-02-28	EPI_ISL_413016	2020-02-28	Brazil
hCoV-19/South_Korea/KUMC02/2020|EPI_ISL_413018|2020-02-06	EPI_ISL_413018	2020-02-06	SouthKorea
hCoV-19/Switzerland/ZH-UZH-1000477102/2020|EPI_ISL_413019|2020-02-26	EPI_ISL_413019	2020-02-26	Switzerland
hCoV-19/Switzerland/ZH-UZH-1000477377/2020|EPI_ISL_413020|2020-02-27	EPI_ISL_413020	2020-02-27	Switzerland
hCoV-19/Switzerland/ZH-UZH-1000477757/2020|EPI_ISL_413021|2020-02-29	EPI_ISL_413021	2020-02-29	Switzerland
hCoV-19/Switzerland/ZH-UZH-1000477796/2020|EPI_ISL_413022|2020-02-29	EPI_ISL_413022	2020-02-29	Switzerland
hCoV-19/Switzerland/ZH-UZH-1000477797/2020|EPI_ISL_413023|2020-02-29	EPI_ISL_413023	2020-02-29	Switzerland
hCoV-19/Switzerland/ZH-UZH-1000477806/2020|EPI_ISL_413024|2020-02-29	EPI_ISL_413024	2020-02-29	Switzerland
hCoV-19/Australia/NSW06/2020|EPI_ISL_413213|2020-02-29	EPI_ISL_413213	2020-02-29	Australia
hCoV-19/Australia/NSW07/2020|EPI_ISL_413214|2020-02-29	EPI_ISL_413214	2020-02-29	Australia
hCoV-19/Scotland/CVR01/2020|EPI_ISL_413221|2020-02-28	EPI_ISL_413221	2020-03-02	UK
hCoV-19/USA/WA4-UW2/2020|EPI_ISL_413455|2020-02-28	EPI_ISL_413455	2020-02-28	USA
hCoV-19/USA/WA-S2/2020|EPI_ISL_413456|2020-02-21	EPI_ISL_413456	2020-02-20	USA
hCoV-19/USA/WA6-UW3/2020|EPI_ISL_413457|2020-02-29	EPI_ISL_413457	2020-02-29	USA
hCoV-19/USA/WA7-UW4/2020|EPI_ISL_413458|2020-03-01	EPI_ISL_413458	2020-03-01	USA
hCoV-19/Anhui/SZ005/2020|EPI_ISL_413485|2020-01-24	EPI_ISL_413485	2020-01-24	ChinaAnhui
hCoV-19/USA/WA8-UW5/2020|EPI_ISL_413486|2020-03-01	EPI_ISL_413486	2020-03-01	USA
hCoV-19/USA/WA9-UW6/2020|EPI_ISL_413487|2020-03-01	EPI_ISL_413487	2020-03-01	USA
hCoV-19/Germany/NW-HHU-01/2020|EPI_ISL_413488|2020-02-28	EPI_ISL_413488	2020-02-28	Germany
hCoV-19/Italy/LOM-UniSR-1/2020|EPI_ISL_413489|2020-03-03	EPI_ISL_413489	2020-03-03	Italy
hCoV-19/New_Zealand/20VR0174/2020|EPI_ISL_413490|2020-02-27	EPI_ISL_413490	2020-02-27	NewZealand
hCoV-19/Beijing/231/2020|EPI_ISL_413519|2020-01-28	EPI_ISL_413519	2020-01-28	ChinaBeijing
hCoV-19/Beijing/233/2020|EPI_ISL_413520|2020-01-28	EPI_ISL_413520	2020-01-28	ChinaBeijing
hCoV-19/Beijing/235/2020|EPI_ISL_413521|2020-01-28	EPI_ISL_413521	2020-01-28	ChinaBeijing
hCoV-19/India/MH-1-27/2020|EPI_ISL_413522|2020-01-27	EPI_ISL_413522	2020-01-27	India
hCoV-19/India/MH-1-31/2020|EPI_ISL_413523|2020-01-31	EPI_ISL_413523	2020-01-31	India
hCoV-19/Nigeria/Lagos01/2020|EPI_ISL_413550|2020-02-27	EPI_ISL_413550	2020-02-27	Nigeria
hCoV-19/Wales/PHW1/2020|EPI_ISL_413555|2020-02-27	EPI_ISL_413555	2020-02-27	UK
hCoV-19/Wales/PHW2/2020|EPI_ISL_413556|2020-03-04	EPI_ISL_413556	2020-03-04	UK
hCoV-19/USA/CA-CDPH-UC1/2020|EPI_ISL_413557|2020-02-28	EPI_ISL_413557	2020-02-28	USA
hCoV-19/USA/CA-CDPH-UC2/2020|EPI_ISL_413558|2020-02-27	EPI_ISL_413558	2020-02-27	USA
hCoV-19/USA/CA-CDPH-UC3/2020|EPI_ISL_413559|2020-02-27	EPI_ISL_413559	2020-02-27	USA
hCoV-19/USA/WA-S3/2020|EPI_ISL_413560|2020-02-28	EPI_ISL_413560	2020-02-28	USA
hCoV-19/USA/CA-CDPH-UC4/2020|EPI_ISL_413561|2020-02-27	EPI_ISL_413561	2020-02-27	USA
hCoV-19/USA/WA11-UW7/2020|EPI_ISL_413562|2020-03-02	EPI_ISL_413562	2020-03-02	USA
hCoV-19/USA/WA12-UW8/2020|EPI_ISL_413563|2020-03-03	EPI_ISL_413563	2020-03-03	USA
hCoV-19/Netherlands/Andel_1365066/2020|EPI_ISL_413564|2020-03-01	EPI_ISL_413564	2020-03-01	Netherlands
hCoV-19/Netherlands/Berlicum_1363564/2020|EPI_ISL_413565|2020-02-24	EPI_ISL_413565	2020-02-24	Netherlands
hCoV-19/Netherlands/Blaricum_1364780/2020|EPI_ISL_413566|2020-03-02	EPI_ISL_413566	2020-03-02	Netherlands
hCoV-19/Netherlands/Dalen_1363624/2020|EPI_ISL_413568|2020-03-01	EPI_ISL_413568	2020-03-01	Netherlands
hCoV-19/Netherlands/Delft_1363424/2020|EPI_ISL_413569|2020-02-28	EPI_ISL_413569	2020-02-28	Netherlands
hCoV-19/Netherlands/Diemen_1363454/2020|EPI_ISL_413570|2020-02-28	EPI_ISL_413570	2020-02-28	Netherlands
hCoV-19/Netherlands/Eindhoven_1363782/2020|EPI_ISL_413571|2020-03-02	EPI_ISL_413571	2020-03-02	Netherlands
hCoV-19/Netherlands/Haarlem_1363688/2020|EPI_ISL_413572|2020-03-01	EPI_ISL_413572	2020-03-01	Netherlands
hCoV-19/Netherlands/Hardinxveld_Giessendam_1364806/2020|EPI_ISL_413573|2020-03-02	EPI_ISL_413573	2020-03-02	Netherlands
hCoV-19/Netherlands/Helmond_1363548/2020|EPI_ISL_413574|2020-02-29	EPI_ISL_413574	2020-02-29	Netherlands
hCoV-19/Netherlands/Houten_1363498/2020|EPI_ISL_413575|2020-02-29	EPI_ISL_413575	2020-02-29	Netherlands
hCoV-19/Netherlands/Loon_op_zand_1363512/2020|EPI_ISL_413576|2020-02-29	EPI_ISL_413576	2020-02-29	Netherlands
hCoV-19/Netherlands/Naarden_1364774/2020|EPI_ISL_413577|2020-03-02	EPI_ISL_413577	2020-03-02	Netherlands
hCoV-19/Netherlands/Nieuwendijk_1363582/2020|EPI_ISL_413578|2020-03-01	EPI_ISL_413578	2020-03-01	Netherlands
hCoV-19/Netherlands/Nootdorp_1364222/2020|EPI_ISL_413579|2020-03-03	EPI_ISL_413579	2020-03-03	Netherlands
hCoV-19/Netherlands/Oisterwijk_1364072/2020|EPI_ISL_413580|2020-03-02	EPI_ISL_413580	2020-03-02	Netherlands
hCoV-19/Netherlands/Oss_1363500/2020|EPI_ISL_413581|2020-02-29	EPI_ISL_413581	2020-02-29	Netherlands
hCoV-19/Netherlands/Rotterdam_1363790/2020|EPI_ISL_413582|2020-03-01	EPI_ISL_413582	2020-03-01	Netherlands
hCoV-19/Netherlands/Rotterdam_1364040/2020|EPI_ISL_413583|2020-03-02	EPI_ISL_413583	2020-03-02	Netherlands
hCoV-19/Netherlands/Rotterdam_1364740/2020|EPI_ISL_413584|2020-03-03	EPI_ISL_413584	2020-03-03	Netherlands
hCoV-19/Netherlands/Tilburg_1363354/2020|EPI_ISL_413586|2020-02-27	EPI_ISL_413586	2020-02-27	Netherlands
hCoV-19/Netherlands/Tilburg_1364286/2020|EPI_ISL_413587|2020-03-03	EPI_ISL_413587	2020-03-03	Netherlands
hCoV-19/Netherlands/Utrecht_1363564/2020|EPI_ISL_413588|2020-03-01	EPI_ISL_413588	2020-03-01	Netherlands
hCoV-19/Netherlands/Utrecht_1363628/2020|EPI_ISL_413589|2020-03-01	EPI_ISL_413589	2020-03-01	Netherlands
hCoV-19/Netherlands/Utrecht_1364066/2020|EPI_ISL_413590|2020-03-02	EPI_ISL_413590	2020-03-02	Netherlands
hCoV-19/Netherlands/Zeewolde_1365080/2020|EPI_ISL_413591|2020-03-02	EPI_ISL_413591	2020-03-02	Netherlands
hCoV-19/Taiwan/NTU03/2020|EPI_ISL_413592|2020-03-02	EPI_ISL_413592	2020-02-29	Taiwan
hCoV-19/Luxembourg/Lux1/2020|EPI_ISL_413593|2020-02-29	EPI_ISL_413593	2020-02-29	Luxembourg
hCoV-19/Australia/NSW08/2020|EPI_ISL_413594|2020-02-28	EPI_ISL_413594	2020-02-28	Australia
hCoV-19/Australia/NSW10/2020|EPI_ISL_413596|2020-02-28	EPI_ISL_413596	2020-02-28	Australia
hCoV-19/Australia/NSW11/2020|EPI_ISL_413597|2020-03-02	EPI_ISL_413597	2020-03-02	Australia
hCoV-19/Australia/NSW12/2020|EPI_ISL_413598|2020-03-04	EPI_ISL_413598	2020-03-04	Australia
hCoV-19/Australia/NSW13/2020|EPI_ISL_413599|2020-03-04	EPI_ISL_413599	2020-03-04	Australia
hCoV-19/Australia/NSW14/2020|EPI_ISL_413600|2020-03-03	EPI_ISL_413600	2020-03-03	Australia
hCoV-19/USA/WA13-UW9/2020|EPI_ISL_413601|2020-03-02	EPI_ISL_413601	2020-03-02	USA
hCoV-19/Finland/FIN03032020A/2020|EPI_ISL_413602|2020-03-03	EPI_ISL_413602	2020-03-03	Finland
hCoV-19/Finland/FIN03032020B/2020|EPI_ISL_413603|2020-03-03	EPI_ISL_413603	2020-03-03	Finland
hCoV-19/Finland/FIN03032020C/2020|EPI_ISL_413604|2020-03-03	EPI_ISL_413604	2020-03-03	Finland
hCoV-19/Finland/FIN01032020/2020|EPI_ISL_413605|2020-03-01	EPI_ISL_413605	2020-03-01	Finland
hCoV-19/Portugal/CV62/2020|EPI_ISL_413647|2020-03-01	EPI_ISL_413647	2020-03-01	Portugal
hCoV-19/Portugal/CV63/2020|EPI_ISL_413648|2020-03-01	EPI_ISL_413648	2020-03-01	Portugal
hCoV-19/USA/WA14-UW10/2020|EPI_ISL_413649|2020-03-05	EPI_ISL_413649	2020-03-05	USA
hCoV-19/USA/WA15-UW11/2020|EPI_ISL_413650|2020-03-05	EPI_ISL_413650	2020-03-05	USA
hCoV-19/USA/WA16-UW12/2020|EPI_ISL_413651|2020-03-05	EPI_ISL_413651	2020-03-05	USA
hCoV-19/USA/WA17-UW13/2020|EPI_ISL_413652|2020-03-05	EPI_ISL_413652	2020-03-05	USA
hCoV-19/USA/WA18-UW14/2020|EPI_ISL_413653|2020-03-05	EPI_ISL_413653	2020-03-05	USA
hCoV-19/Weifang/WF0001/2020|EPI_ISL_413691|2020-01	EPI_ISL_413691	2020-01	ChinaShandong
hCoV-19/Weifang/WF0002/2020|EPI_ISL_413692|2020-01	EPI_ISL_413692	2020-01	ChinaShandong
hCoV-19/Weifang/WF0003/2020|EPI_ISL_413693|2020-01	EPI_ISL_413693	2020-01	ChinaShandong
hCoV-19/Weifang/WF0004/2020|EPI_ISL_413694|2020-01	EPI_ISL_413694	2020-01	ChinaShandong
hCoV-19/Weifang/WF0012/2020|EPI_ISL_413697|2020-02	EPI_ISL_413697	2020-02	ChinaShandong
hCoV-19/Weifang/WF0014/2020|EPI_ISL_413711|2020-02	EPI_ISL_413711	2020-02	ChinaShandong
hCoV-19/Weifang/WF0015/2020|EPI_ISL_413729|2020-02	EPI_ISL_413729	2020-02	ChinaShandong
hCoV-19/Weifang/WF0016/2020|EPI_ISL_413746|2020-02	EPI_ISL_413746	2020-02	ChinaShandong
hCoV-19/Weifang/WF0018/2020|EPI_ISL_413748|2020-02	EPI_ISL_413748	2020-02	ChinaShandong
hCoV-19/Weifang/WF0019/2020|EPI_ISL_413749|2020-02	EPI_ISL_413749	2020-02	ChinaShandong
hCoV-19/Weifang/WF0020/2020|EPI_ISL_413750|2020-02	EPI_ISL_413750	2020-02	ChinaShandong
hCoV-19/Weifang/WF0021/2020|EPI_ISL_413751|2020-02	EPI_ISL_413751	2020-02	ChinaShandong
hCoV-19/China/WF0023/2020|EPI_ISL_413752|2020-02	EPI_ISL_413752	2020-02	ChinaShandong
hCoV-19/Weifang/WF0024/2020|EPI_ISL_413753|2020-02	EPI_ISL_413753	2020-02	ChinaShandong
hCoV-19/Weifang/WF0026/2020|EPI_ISL_413761|2020-02	EPI_ISL_413761	2020-02	ChinaShandong
hCoV-19/Weifang/WF0028/2020|EPI_ISL_413791|2020-02	EPI_ISL_413791	2020-02	ChinaShandong
hCoV-19/Weifang/WF0029/2020|EPI_ISL_413809|2020-02	EPI_ISL_413809	2020-02	ChinaShandong
hCoV-19/Guangdong/GDFS2020054-P0005/2020|EPI_ISL_413850|2020-02-10	EPI_ISL_413850	2020-02-10	ChinaGuangdong
hCoV-19/Guangdong/2020XN4373-P0039/2020|EPI_ISL_413851|2020-01-30	EPI_ISL_413851	2020-01-30	ChinaGuangdong
hCoV-19/Guangdong/2020XN4433-P0040/2020|EPI_ISL_413852|2020-01-30	EPI_ISL_413852	2020-01-30	ChinaGuangdong
hCoV-19/Guangdong/2020XN4243-P0035/2020|EPI_ISL_413853|2020-01-30	EPI_ISL_413853	2020-01-30	ChinaGuangdong
hCoV-19/Guangdong/2020XN4475-P0042/2020|EPI_ISL_413854|2020-01-30	EPI_ISL_413854	2020-01-30	ChinaGuangdong
hCoV-19/Guangdong/GD2020234-P0023/2020|EPI_ISL_413855|2020-02-07	EPI_ISL_413855	2020-02-07	ChinaGuangdong
hCoV-19/Guangdong/GD2020233-P0027/2020|EPI_ISL_413856|2020-02-07	EPI_ISL_413856	2020-02-07	ChinaGuangdong
hCoV-19/Guangdong/2020XN4448-P0002/2020|EPI_ISL_413857|2020-01-31	EPI_ISL_413857	2020-01-31	ChinaGuangdong
hCoV-19/Guangdong/2020XN4459-P0041/2020|EPI_ISL_413858|2020-01-30	EPI_ISL_413858	2020-01-30	ChinaGuangdong
hCoV-19/Guangdong/2020XN4276-P0037/2020|EPI_ISL_413859|2020-01-31	EPI_ISL_413859	2020-01-31	ChinaGuangdong
hCoV-19/Guangdong/2020XN4273-P0036/2020|EPI_ISL_413860|2020-01-30	EPI_ISL_413860	2020-01-30	ChinaGuangdong
hCoV-19/Guangdong/GD2020080-P0010/2020|EPI_ISL_413861|2020-02-01	EPI_ISL_413861	2020-02-01	ChinaGuangdong
hCoV-19/Guangdong/GD2020086-P0021/2020|EPI_ISL_413862|2020-02-01	EPI_ISL_413862	2020-02-01	ChinaGuangdong
hCoV-19/Guangdong/GD2020087-P0008/2020|EPI_ISL_413863|2020-02-01	EPI_ISL_413863	2020-02-01	ChinaGuangdong
hCoV-19/Guangdong/GD2020246-P0028/2020|EPI_ISL_413864|2020-02-09	EPI_ISL_413864	2020-02-09	ChinaGuangdong
hCoV-19/Guangdong/GDSZ202008-P0020/2020|EPI_ISL_413866|2020-02-05	EPI_ISL_413866	2020-02-05	ChinaGuangdong
hCoV-19/Guangdong/GDSZ202015-P0019/2020|EPI_ISL_413867|2020-02-05	EPI_ISL_413867	2020-02-05	ChinaGuangdong
hCoV-19/Guangdong/DG-S9-P0045/2020|EPI_ISL_413868|2020-02-28	EPI_ISL_413868	2020-02-28	ChinaGuangdong
hCoV-19/Guangdong/FS-S42-P0046/2020|EPI_ISL_413869|2020-02-28	EPI_ISL_413869	2020-02-28	ChinaGuangdong
hCoV-19/Guangdong/FS-S48-P0047/2020|EPI_ISL_413870|2020-02-28	EPI_ISL_413870	2020-02-28	ChinaGuangdong
hCoV-19/Guangdong/MM-S1-P0048/2020|EPI_ISL_413871|2020-02-28	EPI_ISL_413871	2020-02-28	ChinaGuangdong
hCoV-19/Guangdong/SZ-N59-P0049/2020|EPI_ISL_413872|2020-02-28	EPI_ISL_413872	2020-02-28	ChinaGuangdong
hCoV-19/Guangdong/GZ-S6-P0050/2020|EPI_ISL_413873|2020-02-28	EPI_ISL_413873	2020-02-28	ChinaGuangdong
hCoV-19/Guangdong/GDFS2020127-P0026/2020|EPI_ISL_413874|2020-02-12	EPI_ISL_413874	2020-02-12	ChinaGuangdong
hCoV-19/Guangdong/GDFS2020052-P0025/2020|EPI_ISL_413875|2020-02-10	EPI_ISL_413875	2020-02-10	ChinaGuangdong
hCoV-19/Guangdong/GD2020139-P0007/2020|EPI_ISL_413882|2020-02-02	EPI_ISL_413882	2020-02-02	ChinaGuangdong
hCoV-19/Guangdong/GD2020134-P0031/2020|EPI_ISL_413883|2020-02-02	EPI_ISL_413883	2020-02-02	ChinaGuangdong
hCoV-19/Guangdong/GD2020115-P0009/2020|EPI_ISL_413884|2020-02-01	EPI_ISL_413884	2020-02-01	ChinaGuangdong
hCoV-19/Guangdong/2020XN4239-P0034/2020|EPI_ISL_413888|2020-01-30	EPI_ISL_413888	2020-01-30	ChinaGuangdong
hCoV-19/Guangdong/2020XN4291-P0038/2020|EPI_ISL_413889|2020-01-30	EPI_ISL_413889	2020-01-30	ChinaGuangdong
hCoV-19/Wuhan/Hu-1/2019|EPI_ISL_402125|2019-12-31	EPI_ISL_402125	2019-12-26	ChinaHubei
